field,recorded_value,unit_or_method,acceptance_requirement,result_or_evidence
Machine/model/configuration,,,,
Trial date and location,,,,
Material grade and batch/coil identification,,,,
Actual OD or section dimensions,,mm,,
Measured wall thickness,,mm,,
Tooling and supplied process identification,,,,
Actual cut length,,mm,,
Productive run duration,,min,,
Measured operating speed and method,,m/min,,
Produced quantity/mass,,pieces / kg,,
Accepted quantity/mass,,pieces / kg,,
Rejected quantity/mass and cause,,pieces / kg,,
Sampling plan and dimensional measurements,,agreed method,,
"Straightness, surface and cut-end checks",,agreed method,,
Weld tests where required,,specified method,,
Changeover timing start/end and staffing,,min / persons,,
Inspection tools and calibration identification,,,,
Photos/video file references,,,,
Buyer/supplier review and exceptions,,,,
