section,requirement,buyer_input,supplier_response,included_optional_excluded,supporting_document
Product,Finished shape: round / square / rectangular,,,,
Product,Actual outside dimensions in mm; specify OD or width x height,,,,
Product,Wall thickness and dimensional tolerances for each size,,,,
Product,"Material grade, strength and surface/coating condition",,,,
Product,"Cut lengths, end condition and applicable product requirements",,,,
Production,Required accepted output; shift hours and product mix,,,,
Raw material,"Coil width, weight, inside/outside diameter and incoming tolerances",,,,
Line scope,"Coil loading, uncoiler, strip joining and accumulator",,,,
Line scope,Forming/sizing/straightening equipment and tooling sets by product,,,,
Line scope,Welding process/equipment and cooling arrangements where applicable,,,,
Line scope,"Cutoff, discharge, handling and inspection equipment",,,,
Site,"Available voltage/frequency, load schedule, water/cooling and air",,,,
Site,"Layout, foundations, access and lifting/unloading responsibilities",,,,
Acceptance,"Agreed trial products/material, duration, sampling and tests",,,,
Acceptance,"Speed conditions, accepted quantity and measurement method",,,,
Service,"Installation, training, manuals, spares and warranty scope",,,,
Commercial,"Currency, taxes, freight/packing, payment and delivery milestones",,,,
Export,Named delivery term/place/version and commissioning responsibilities,,,,
